{"cameraMode":{"drawMode":0,"name":"Shaded","section":"Shading Mode"},"sceneLighting":true,"audioPlay":false,"sceneViewState":{"m_AlwaysRefresh":false,"showFog":true,"showSkybox":true,"showFlares":true,"showImageEffects":true,"showParticleSystems":true,"showVisualEffectGraphs":true,"m_FxEnabled":true},"in2DMode":false,"pivot":{"x":9.423589706420899,"y":-3.558743476867676,"z":23.863300323486329},"rotation":{"x":0.12890785932540894,"y":0.02528095804154873,"z":-0.003287459723651409,"w":0.9913254380226135},"size":14.118449211120606,"orthographic":false}