{"cameraMode":{"drawMode":0,"name":"Shaded","section":"Shading Mode"},"sceneLighting":false,"audioPlay":false,"sceneViewState":{"m_AlwaysRefresh":false,"showFog":true,"showSkybox":false,"showFlares":true,"showImageEffects":true,"showParticleSystems":true,"showVisualEffectGraphs":true,"m_FxEnabled":true},"in2DMode":false,"pivot":{"x":-2.017176628112793,"y":-15.58419418334961,"z":20.165163040161134},"rotation":{"x":0.33559906482696535,"y":-0.01837092824280262,"z":0.006546562537550926,"w":0.9417989253997803},"size":16.695852279663087,"orthographic":false}