{"cameraMode":{"drawMode":0,"name":"Shaded","section":"Shading Mode"},"sceneLighting":false,"audioPlay":false,"sceneViewState":{"m_AlwaysRefresh":false,"showFog":true,"showSkybox":false,"showFlares":true,"showImageEffects":true,"showParticleSystems":true,"showVisualEffectGraphs":true,"m_FxEnabled":true},"in2DMode":false,"pivot":{"x":-2.715291738510132,"y":-15.053028106689454,"z":20.570520401000978},"rotation":{"x":0.33559906482696535,"y":-0.01837092824280262,"z":0.006546562537550926,"w":0.9417989253997803},"size":20.16541290283203,"orthographic":false}